<?xml version="1.0"?>
<ArrayOfPerson xmlns:xsi="http://www.w3.org/2001/XMLSchema-instance" xmlns:xsd="http://www.w3.org/2001/XMLSchema">
  <Person>
    <ObjectId>783</ObjectId>
    <StateFileNumber>1978 52964</StateFileNumber>
    <FirstName>Hildaguard</FirstName>
    <MiddleName>R4?BAA:</MiddleName>
    <LastName>Robbins</LastName>
    <BirthYear>1978</BirthYear>
    <BirthMonth>9</BirthMonth>
    <BirthDay>28</BirthDay>
    <Gender>F</Gender>
    <BirthOrder>0</BirthOrder>
    <Phone1>801-499-3573</Phone1>
  </Person>
  <Person>
    <ObjectId>784</ObjectId>
    <StateFileNumber>1996 81702</StateFileNumber>
    <SocialSecurityNumber>381259426</SocialSecurityNumber>
    <LastName>Larson</LastName>
    <BirthYear>1996</BirthYear>
    <BirthMonth>11</BirthMonth>
    <BirthDay>7</BirthDay>
    <Gender>F</Gender>
    <BirthOrder>0</BirthOrder>
    <Phone1>435-446-6710</Phone1>
  </Person>
  <Person>
    <ObjectId>785</ObjectId>
    <StateFileNumber>1999 15356</StateFileNumber>
    <SocialSecurityNumber>584075252</SocialSecurityNumber>
    <FirstName>Henry</FirstName>
    <MiddleName>^NV_&gt;7</MiddleName>
    <LastName>Larson</LastName>
    <BirthYear>1999</BirthYear>
    <BirthMonth>4</BirthMonth>
    <BirthDay>9</BirthDay>
    <Gender>M</Gender>
    <IsPartOfMultipleBirth>F</IsPartOfMultipleBirth>
    <BirthOrder>0</BirthOrder>
    <BirthCounty />
    <MotherFirstName>Wilma</MotherFirstName>
    <MotherLastName>Young</MotherLastName>
  </Person>
  <Person>
    <ObjectId>786</ObjectId>
    <StateFileNumber>1999 57426</StateFileNumber>
    <SocialSecurityNumber>372732592</SocialSecurityNumber>
    <FirstName />
    <MiddleName />
    <LastName>Miglori</LastName>
    <BirthYear>1999</BirthYear>
    <BirthMonth>2</BirthMonth>
    <BirthDay>18</BirthDay>
    <Gender>F</Gender>
    <IsPartOfMultipleBirth>F</IsPartOfMultipleBirth>
    <BirthOrder>0</BirthOrder>
    <BirthCounty>Cache</BirthCounty>
    <MotherFirstName>Ann</MotherFirstName>
    <MotherMiddleName />
    <MotherLastName>Fitzer</MotherLastName>
  </Person>
  <Person>
    <ObjectId>787</ObjectId>
    <FirstName>Sue</FirstName>
    <MiddleName>Jane</MiddleName>
    <LastName>Robbins</LastName>
    <BirthYear>1978</BirthYear>
    <BirthMonth>11</BirthMonth>
    <BirthDay>28</BirthDay>
    <Gender>F</Gender>
    <BirthOrder>0</BirthOrder>
  </Person>
  <Person>
    <ObjectId>788</ObjectId>
    <SocialSecurityNumber>381259426</SocialSecurityNumber>
    <LastName>Larson</LastName>
    <BirthYear>1996</BirthYear>
    <BirthMonth>11</BirthMonth>
    <BirthDay>7</BirthDay>
    <Gender>F</Gender>
    <BirthOrder>0</BirthOrder>
  </Person>
  <Person>
    <ObjectId>789</ObjectId>
    <SocialSecurityNumber>584075252</SocialSecurityNumber>
    <FirstName>Henry</FirstName>
    <MiddleName>^NV_&gt;7</MiddleName>
    <LastName>Larson</LastName>
    <BirthYear>1999</BirthYear>
    <BirthMonth>4</BirthMonth>
    <BirthDay>9</BirthDay>
    <Gender>M</Gender>
    <BirthOrder>0</BirthOrder>
    <Phone1>801-096-2234</Phone1>
  </Person>
  <Person>
    <ObjectId>790</ObjectId>
    <StateFileNumber>1999 57426</StateFileNumber>
    <FirstName />
    <MiddleName />
    <LastName>Miglori</LastName>
    <BirthYear>1999</BirthYear>
    <BirthMonth>1</BirthMonth>
    <BirthDay>4</BirthDay>
    <Gender>F</Gender>
    <BirthOrder>0</BirthOrder>
    <Phone1>435-352-2813</Phone1>
    <Phone2>801-680-7270</Phone2>
  </Person>
  <Person>
    <ObjectId>791</ObjectId>
    <SocialSecurityNumber>372732592</SocialSecurityNumber>
    <FirstName />
    <MiddleName />
    <LastName>Miglori</LastName>
    <BirthYear>1999</BirthYear>
    <BirthMonth>2</BirthMonth>
    <BirthDay>18</BirthDay>
    <Gender>F</Gender>
    <BirthOrder>0</BirthOrder>
  </Person>
  <Person>
    <ObjectId>792</ObjectId>
    <SocialSecurityNumber>381259426</SocialSecurityNumber>
    <LastName>Larson</LastName>
    <BirthYear>1996</BirthYear>
    <BirthMonth>11</BirthMonth>
    <BirthDay>7</BirthDay>
    <Gender>F</Gender>
    <BirthOrder>0</BirthOrder>
  </Person>
  <Person>
    <ObjectId>793</ObjectId>
    <StateFileNumber>1999 15356</StateFileNumber>
    <FirstName>Henry</FirstName>
    <MiddleName>^NV_&gt;7</MiddleName>
    <LastName>Larson</LastName>
    <BirthYear>1999</BirthYear>
    <BirthMonth>4</BirthMonth>
    <BirthDay>9</BirthDay>
    <Gender>M</Gender>
    <BirthOrder>0</BirthOrder>
  </Person>
  <Person>
    <ObjectId>794</ObjectId>
    <SocialSecurityNumber>372732592</SocialSecurityNumber>
    <FirstName>Nancy</FirstName>
    <MiddleName>Paula</MiddleName>
    <LastName>Edwards</LastName>
    <BirthYear>1999</BirthYear>
    <BirthMonth>2</BirthMonth>
    <BirthDay>18</BirthDay>
    <Gender>F</Gender>
    <BirthOrder>0</BirthOrder>
  </Person>
  <Person>
    <ObjectId>795</ObjectId>
    <SocialSecurityNumber>381259426</SocialSecurityNumber>
    <LastName>Larson</LastName>
    <BirthYear>1996</BirthYear>
    <BirthMonth>6</BirthMonth>
    <BirthDay>5</BirthDay>
    <Gender>F</Gender>
    <BirthOrder>0</BirthOrder>
  </Person>
  <Person>
    <ObjectId>796</ObjectId>
    <SocialSecurityNumber>381259426</SocialSecurityNumber>
    <LastName>Larson</LastName>
    <BirthYear>1996</BirthYear>
    <BirthMonth>7</BirthMonth>
    <BirthDay>4</BirthDay>
    <Gender>F</Gender>
    <BirthOrder>0</BirthOrder>
  </Person>
  <Person>
    <ObjectId>797</ObjectId>
    <SocialSecurityNumber>584075252</SocialSecurityNumber>
    <FirstName>Henry</FirstName>
    <MiddleName>^NV_&gt;7</MiddleName>
    <LastName>Larson</LastName>
    <BirthYear>1999</BirthYear>
    <BirthMonth>4</BirthMonth>
    <BirthDay>9</BirthDay>
    <Gender>M</Gender>
    <BirthOrder>0</BirthOrder>
  </Person>
  <Person>
    <ObjectId>798</ObjectId>
    <SocialSecurityNumber>372732592</SocialSecurityNumber>
    <FirstName />
    <MiddleName />
    <LastName>Miglori</LastName>
    <BirthYear>1999</BirthYear>
    <BirthMonth>1</BirthMonth>
    <BirthDay>12</BirthDay>
    <Gender>F</Gender>
    <BirthOrder>0</BirthOrder>
    <Phone2>223-0017</Phone2>
  </Person>
  <Person>
    <ObjectId>799</ObjectId>
    <FirstName />
    <MiddleName />
    <LastName>Miglori</LastName>
    <BirthYear>1999</BirthYear>
    <BirthMonth>4</BirthMonth>
    <BirthDay>26</BirthDay>
    <Gender>F</Gender>
    <BirthOrder>0</BirthOrder>
    <Phone2>435-409-2607</Phone2>
  </Person>
</ArrayOfPerson>