Registered,1,8/15/2017 7:00:00 AM,FN_F_1,LN_1,F,16
Registered,2,8/15/2017 7:00:00 AM,FN_M_2,LN_2,M,56
Registered,3,8/15/2017 7:00:00 AM,FN_F_3,LN_3,F,45
---
Registered,4,8/15/2017 7:00:30 AM,FN_F_4,LN_4,F,39
Registered,5,8/15/2017 7:00:30 AM,FN_F_5,LN_5,F,39
---
Registered,6,8/15/2017 7:01:00 AM,FN_M_6,LN_6,M,38
Registered,7,8/15/2017 7:01:00 AM,FN_F_7,LN_7,F,49
Registered,8,8/15/2017 7:01:00 AM,FN_M_8,LN_8,M,44
---
Registered,9,8/15/2017 7:01:30 AM,FN_F_9,LN_9,F,40
Registered,10,8/15/2017 7:01:30 AM,FN_M_10,LN_10,M,54
Registered,11,8/15/2017 7:01:30 AM,FN_M_11,LN_11,M,34
---
---
---
---
---
---
---
---
---
---
---
---
---
---
---
---
---
---
---
---
---
---
---
---
---
---
---
---
---
---
---
---
---
---
---
---
---
---
---
---
---
---
---
---
---
---
---
---
---
---
---
---
---
---
---
---
---
---
---
---
---
---
---
---
---
---
---
---
---
---
---
---
---
---
---
---
---
---
---
---
---
---
---
---
---
---
---
---
---
---
---
---
---
---
---
---
---
---
---
---
---
Started,1,8/15/2017 7:02:00 AM,8/15/2017 7:02:00 AM
---
OnCourse,1,8/15/2017 7:02:30 AM,276.098203867211
Started,2,8/15/2017 7:02:30 AM,8/15/2017 7:02:30 AM
---
OnCourse,1,8/15/2017 7:03:00 AM,559.038462895593
OnCourse,2,8/15/2017 7:03:00 AM,282.614976892977
Started,3,8/15/2017 7:03:00 AM,8/15/2017 7:03:00 AM
---
OnCourse,1,8/15/2017 7:03:30 AM,814.447556757824
OnCourse,2,8/15/2017 7:03:30 AM,556.863183482558
OnCourse,3,8/15/2017 7:03:30 AM,265.312869573182
Started,4,8/15/2017 7:03:30 AM,8/15/2017 7:03:30 AM
---
OnCourse,1,8/15/2017 7:04:00 AM,1103.11675100547
OnCourse,2,8/15/2017 7:04:00 AM,801.064277515334
OnCourse,3,8/15/2017 7:04:00 AM,472.942566848547
OnCourse,4,8/15/2017 7:04:00 AM,242.652921751465
Started,5,8/15/2017 7:04:00 AM,8/15/2017 7:04:00 AM
---
OnCourse,1,8/15/2017 7:04:30 AM,1360.63069074511
OnCourse,2,8/15/2017 7:04:30 AM,1084.50866143508
OnCourse,3,8/15/2017 7:04:30 AM,722.180496984822
OnCourse,4,8/15/2017 7:04:30 AM,560.608809885192
OnCourse,5,8/15/2017 7:04:30 AM,262.079226699466
Started,6,8/15/2017 7:04:30 AM,8/15/2017 7:04:30 AM
---
OnCourse,1,8/15/2017 7:05:00 AM,1617.28845273191
OnCourse,2,8/15/2017 7:05:00 AM,1372.12876854344
OnCourse,3,8/15/2017 7:05:00 AM,992.347251482161
OnCourse,4,8/15/2017 7:05:00 AM,834.578195286054
OnCourse,5,8/15/2017 7:05:00 AM,522.531941506952
OnCourse,6,8/15/2017 7:05:00 AM,278.285501521954
Started,7,8/15/2017 7:05:00 AM,8/15/2017 7:05:00 AM
---
OnCourse,1,8/15/2017 7:05:30 AM,1874.48451400101
OnCourse,2,8/15/2017 7:05:30 AM,1639.36988084938
OnCourse,3,8/15/2017 7:05:30 AM,1220.58080332867
OnCourse,4,8/15/2017 7:05:30 AM,1082.41835833912
OnCourse,5,8/15/2017 7:05:30 AM,788.84830976274
OnCourse,6,8/15/2017 7:05:30 AM,502.272017623138
OnCourse,7,8/15/2017 7:05:30 AM,278.957922006681
Started,8,8/15/2017 7:05:30 AM,8/15/2017 7:05:30 AM
---
OnCourse,1,8/15/2017 7:06:00 AM,2129.85621062358
OnCourse,2,8/15/2017 7:06:00 AM,1918.50405730147
OnCourse,3,8/15/2017 7:06:00 AM,1491.0002820808
OnCourse,4,8/15/2017 7:06:00 AM,1411.50597071682
OnCourse,5,8/15/2017 7:06:00 AM,1035.62887762173
OnCourse,6,8/15/2017 7:06:00 AM,700.058603760151
OnCourse,7,8/15/2017 7:06:00 AM,520.40249859694
OnCourse,8,8/15/2017 7:06:00 AM,282.312222492921
Started,9,8/15/2017 7:06:00 AM,8/15/2017 7:06:00 AM
---
OnCourse,1,8/15/2017 7:06:30 AM,2411.10530505512
OnCourse,2,8/15/2017 7:06:30 AM,2195.08660995734
OnCourse,3,8/15/2017 7:06:30 AM,1764.42290939896
OnCourse,4,8/15/2017 7:06:30 AM,1688.06252578769
OnCourse,5,8/15/2017 7:06:30 AM,1302.50891209605
OnCourse,6,8/15/2017 7:06:30 AM,971.8960896975
OnCourse,7,8/15/2017 7:06:30 AM,786.129896378396
OnCourse,8,8/15/2017 7:06:30 AM,532.031465340165
OnCourse,9,8/15/2017 7:06:30 AM,312.837950579991
Started,10,8/15/2017 7:06:30 AM,8/15/2017 7:06:30 AM
---
OnCourse,1,8/15/2017 7:07:00 AM,2685.95151529521
OnCourse,2,8/15/2017 7:07:00 AM,2481.95769870161
OnCourse,3,8/15/2017 7:07:00 AM,2030.34342742762
OnCourse,4,8/15/2017 7:07:00 AM,1976.40401260796
OnCourse,5,8/15/2017 7:07:00 AM,1549.81541741109
OnCourse,6,8/15/2017 7:07:00 AM,1274.58121415381
OnCourse,7,8/15/2017 7:07:00 AM,1069.73218057382
OnCourse,8,8/15/2017 7:07:00 AM,815.770960919177
OnCourse,9,8/15/2017 7:07:00 AM,604.055827600998
OnCourse,10,8/15/2017 7:07:00 AM,280.264000908343
Started,11,8/15/2017 7:07:00 AM,8/15/2017 7:07:00 AM
---
OnCourse,1,8/15/2017 7:07:30 AM,2946.25465789333
OnCourse,2,8/15/2017 7:07:30 AM,2739.05784542405
OnCourse,3,8/15/2017 7:07:30 AM,2270.77942936707
OnCourse,4,8/15/2017 7:07:30 AM,2239.38203727936
OnCourse,5,8/15/2017 7:07:30 AM,1799.14825574489
OnCourse,6,8/15/2017 7:07:30 AM,1496.8442024124
OnCourse,7,8/15/2017 7:07:30 AM,1320.84445281479
OnCourse,8,8/15/2017 7:07:30 AM,1107.25105573958
OnCourse,9,8/15/2017 7:07:30 AM,920.439235879388
OnCourse,10,8/15/2017 7:07:30 AM,531.921822408008
OnCourse,11,8/15/2017 7:07:30 AM,258.360567101574
---
OnCourse,1,8/15/2017 7:08:00 AM,3224.31947395408
OnCourse,2,8/15/2017 7:08:00 AM,2998.91544844652
OnCourse,3,8/15/2017 7:08:00 AM,2540.36796432028
OnCourse,4,8/15/2017 7:08:00 AM,2553.64856818537
OnCourse,5,8/15/2017 7:08:00 AM,2064.23812330015
OnCourse,6,8/15/2017 7:08:00 AM,1698.93756576986
OnCourse,7,8/15/2017 7:08:00 AM,1608.89771640438
OnCourse,8,8/15/2017 7:08:00 AM,1418.48518606956
OnCourse,9,8/15/2017 7:08:00 AM,1272.89975637915
OnCourse,10,8/15/2017 7:08:00 AM,775.47216093621
OnCourse,11,8/15/2017 7:08:00 AM,555.119194076846
---
OnCourse,1,8/15/2017 7:08:30 AM,3475.3314148364
OnCourse,2,8/15/2017 7:08:30 AM,3242.43499064978
OnCourse,3,8/15/2017 7:08:30 AM,2769.59790689317
OnCourse,4,8/15/2017 7:08:30 AM,2850.5005272084
OnCourse,5,8/15/2017 7:08:30 AM,2335.85473631955
OnCourse,6,8/15/2017 7:08:30 AM,1910.17830155949
OnCourse,7,8/15/2017 7:08:30 AM,1858.36390771191
OnCourse,8,8/15/2017 7:08:30 AM,1718.63655600287
OnCourse,9,8/15/2017 7:08:30 AM,1629.67333915011
OnCourse,10,8/15/2017 7:08:30 AM,1027.47716933555
OnCourse,11,8/15/2017 7:08:30 AM,781.090327100159
---
OnCourse,1,8/15/2017 7:09:00 AM,3735.75157597373
OnCourse,2,8/15/2017 7:09:00 AM,3513.25762464192
OnCourse,3,8/15/2017 7:09:00 AM,2996.37173594121
OnCourse,4,8/15/2017 7:09:00 AM,3124.28251413203
OnCourse,5,8/15/2017 7:09:00 AM,2601.64877663972
OnCourse,6,8/15/2017 7:09:00 AM,2175.81622753535
OnCourse,7,8/15/2017 7:09:00 AM,2147.86212249448
OnCourse,8,8/15/2017 7:09:00 AM,1967.43298046955
OnCourse,9,8/15/2017 7:09:00 AM,1987.53883600349
OnCourse,10,8/15/2017 7:09:00 AM,1275.40309493141
OnCourse,11,8/15/2017 7:09:00 AM,1010.29592694807
---
OnCourse,1,8/15/2017 7:09:30 AM,4020.32077614294
OnCourse,2,8/15/2017 7:09:30 AM,3799.72021882125
OnCourse,3,8/15/2017 7:09:30 AM,3243.51950738483
OnCourse,4,8/15/2017 7:09:30 AM,3458.57589720749
OnCourse,5,8/15/2017 7:09:30 AM,2878.36745459685
OnCourse,6,8/15/2017 7:09:30 AM,2436.2874408147
OnCourse,7,8/15/2017 7:09:30 AM,2422.79370952743
OnCourse,8,8/15/2017 7:09:30 AM,2272.35232168122
OnCourse,9,8/15/2017 7:09:30 AM,2329.01935994026
OnCourse,10,8/15/2017 7:09:30 AM,1524.25586594558
OnCourse,11,8/15/2017 7:09:30 AM,1300.98415170835
---
OnCourse,1,8/15/2017 7:10:00 AM,4289.15525525342
OnCourse,2,8/15/2017 7:10:00 AM,4047.20942466137
OnCourse,3,8/15/2017 7:10:00 AM,3479.71842491775
OnCourse,4,8/15/2017 7:10:00 AM,3782.00517930599
OnCourse,5,8/15/2017 7:10:00 AM,3148.25501341913
OnCourse,6,8/15/2017 7:10:00 AM,2712.7441900151
OnCourse,7,8/15/2017 7:10:00 AM,2708.09950317186
OnCourse,8,8/15/2017 7:10:00 AM,2547.70203388656
OnCourse,9,8/15/2017 7:10:00 AM,2655.65521576867
OnCourse,10,8/15/2017 7:10:00 AM,1779.4656322646
OnCourse,11,8/15/2017 7:10:00 AM,1538.13670201125
---
OnCourse,1,8/15/2017 7:10:30 AM,4562.86495480252
OnCourse,2,8/15/2017 7:10:30 AM,4336.32806654651
OnCourse,3,8/15/2017 7:10:30 AM,3690.46369188668
OnCourse,4,8/15/2017 7:10:30 AM,4062.61868116396
OnCourse,5,8/15/2017 7:10:30 AM,3397.15438751258
OnCourse,6,8/15/2017 7:10:30 AM,2986.49903241204
OnCourse,7,8/15/2017 7:10:30 AM,2963.93369143616
OnCourse,8,8/15/2017 7:10:30 AM,2859.30213465139
OnCourse,9,8/15/2017 7:10:30 AM,2984.46409291842
OnCourse,10,8/15/2017 7:10:30 AM,2025.83997289055
OnCourse,11,8/15/2017 7:10:30 AM,1821.84547779479
---
DidNotFinish,6,8/15/2017 7:11:00 AM
OnCourse,1,8/15/2017 7:11:00 AM,4807.90454576088
OnCourse,2,8/15/2017 7:11:00 AM,4584.95960858056
OnCourse,3,8/15/2017 7:11:00 AM,3926.1308461009
OnCourse,4,8/15/2017 7:11:00 AM,4305.44366874337
OnCourse,5,8/15/2017 7:11:00 AM,3670.60500899424
OnCourse,7,8/15/2017 7:11:00 AM,3232.38389207558
OnCourse,8,8/15/2017 7:11:00 AM,3128.26014174688
OnCourse,9,8/15/2017 7:11:00 AM,3286.01726481897
OnCourse,10,8/15/2017 7:11:00 AM,2268.14000746537
OnCourse,11,8/15/2017 7:11:00 AM,2087.80902934445
---
OnCourse,1,8/15/2017 7:11:30 AM,5094.48909125837
OnCourse,2,8/15/2017 7:11:30 AM,4856.94630733775
OnCourse,3,8/15/2017 7:11:30 AM,4123.22795586422
OnCourse,4,8/15/2017 7:11:30 AM,4568.32128611118
OnCourse,5,8/15/2017 7:11:30 AM,3954.9376436896
OnCourse,7,8/15/2017 7:11:30 AM,3505.4439913465
OnCourse,8,8/15/2017 7:11:30 AM,3352.9860747529
OnCourse,9,8/15/2017 7:11:30 AM,3594.10626239263
OnCourse,10,8/15/2017 7:11:30 AM,2529.68417605428
OnCourse,11,8/15/2017 7:11:30 AM,2337.89351294361
---
OnCourse,1,8/15/2017 7:12:00 AM,5366.05877963529
OnCourse,2,8/15/2017 7:12:00 AM,5138.79109094269
OnCourse,3,8/15/2017 7:12:00 AM,4382.79350589974
OnCourse,4,8/15/2017 7:12:00 AM,4835.22807537165
OnCourse,5,8/15/2017 7:12:00 AM,4223.91468752627
OnCourse,7,8/15/2017 7:12:00 AM,3784.47894939976
OnCourse,8,8/15/2017 7:12:00 AM,3601.66982880919
OnCourse,9,8/15/2017 7:12:00 AM,3918.28515789213
OnCourse,10,8/15/2017 7:12:00 AM,2817.97124895492
OnCourse,11,8/15/2017 7:12:00 AM,2613.94647762666
---
OnCourse,1,8/15/2017 7:12:30 AM,5643.10326187739
OnCourse,2,8/15/2017 7:12:30 AM,5409.83894385702
OnCourse,3,8/15/2017 7:12:30 AM,4639.39494940812
OnCourse,4,8/15/2017 7:12:30 AM,5161.60855780907
OnCourse,5,8/15/2017 7:12:30 AM,4467.76530240802
OnCourse,7,8/15/2017 7:12:30 AM,4040.18846613218
OnCourse,8,8/15/2017 7:12:30 AM,3858.41265669347
OnCourse,9,8/15/2017 7:12:30 AM,4249.62820544099
OnCourse,10,8/15/2017 7:12:30 AM,3063.14797720672
OnCourse,11,8/15/2017 7:12:30 AM,2864.91856363668
---
OnCourse,1,8/15/2017 7:13:00 AM,5887.70011443231
OnCourse,2,8/15/2017 7:13:00 AM,5667.96173314227
OnCourse,3,8/15/2017 7:13:00 AM,4858.33521289653
OnCourse,4,8/15/2017 7:13:00 AM,5470.75895656231
OnCourse,5,8/15/2017 7:13:00 AM,4744.57165645963
OnCourse,7,8/15/2017 7:13:00 AM,4298.72140926013
OnCourse,8,8/15/2017 7:13:00 AM,4089.32171389908
OnCourse,9,8/15/2017 7:13:00 AM,4552.61131880862
OnCourse,10,8/15/2017 7:13:00 AM,3317.39591660481
OnCourse,11,8/15/2017 7:13:00 AM,3088.71069335946
---
OnCourse,1,8/15/2017 7:13:30 AM,6139.80178619361
OnCourse,2,8/15/2017 7:13:30 AM,5944.26046847557
OnCourse,3,8/15/2017 7:13:30 AM,5063.33991191835
OnCourse,4,8/15/2017 7:13:30 AM,5785.84345421506
OnCourse,5,8/15/2017 7:13:30 AM,4989.02790597448
OnCourse,7,8/15/2017 7:13:30 AM,4551.59741661355
OnCourse,8,8/15/2017 7:13:30 AM,4351.15934793167
OnCourse,9,8/15/2017 7:13:30 AM,4855.07294252392
OnCourse,10,8/15/2017 7:13:30 AM,3580.21306655785
OnCourse,11,8/15/2017 7:13:30 AM,3391.36332021627
---
OnCourse,1,8/15/2017 7:14:00 AM,6392.54055980488
OnCourse,2,8/15/2017 7:14:00 AM,6188.51155835698
OnCourse,3,8/15/2017 7:14:00 AM,5275.07826198448
OnCourse,4,8/15/2017 7:14:00 AM,6066.81085868163
OnCourse,5,8/15/2017 7:14:00 AM,5267.41694950721
OnCourse,7,8/15/2017 7:14:00 AM,4808.53510919671
OnCourse,8,8/15/2017 7:14:00 AM,4662.67140193766
OnCourse,9,8/15/2017 7:14:00 AM,5156.42206301835
OnCourse,10,8/15/2017 7:14:00 AM,3829.90276036
OnCourse,11,8/15/2017 7:14:00 AM,3665.87045614216
---
OnCourse,1,8/15/2017 7:14:30 AM,6645.85969513366
OnCourse,2,8/15/2017 7:14:30 AM,6454.15070982742
OnCourse,3,8/15/2017 7:14:30 AM,5485.1913355791
OnCourse,4,8/15/2017 7:14:30 AM,6314.78700984945
OnCourse,5,8/15/2017 7:14:30 AM,5522.03388875186
OnCourse,7,8/15/2017 7:14:30 AM,5063.38300828839
OnCourse,8,8/15/2017 7:14:30 AM,4935.00040565912
OnCourse,9,8/15/2017 7:14:30 AM,5517.54507648006
OnCourse,10,8/15/2017 7:14:30 AM,4096.93150093863
OnCourse,11,8/15/2017 7:14:30 AM,3904.01955755959
---
OnCourse,1,8/15/2017 7:15:00 AM,6918.07057458412
OnCourse,2,8/15/2017 7:15:00 AM,6702.39519461048
OnCourse,3,8/15/2017 7:15:00 AM,5698.61518411559
OnCourse,4,8/15/2017 7:15:00 AM,6643.42892592794
OnCourse,5,8/15/2017 7:15:00 AM,5782.13024933209
OnCourse,7,8/15/2017 7:15:00 AM,5305.52975519718
OnCourse,8,8/15/2017 7:15:00 AM,5199.67111246597
OnCourse,9,8/15/2017 7:15:00 AM,5871.99443587178
OnCourse,10,8/15/2017 7:15:00 AM,4377.76699264249
OnCourse,11,8/15/2017 7:15:00 AM,4199.79007261624
---
OnCourse,1,8/15/2017 7:15:30 AM,7199.77192430024
OnCourse,2,8/15/2017 7:15:30 AM,6955.01687607575
OnCourse,3,8/15/2017 7:15:30 AM,5904.45281427466
OnCourse,4,8/15/2017 7:15:30 AM,6903.55005557472
OnCourse,5,8/15/2017 7:15:30 AM,6029.04906872583
OnCourse,7,8/15/2017 7:15:30 AM,5547.27651787069
OnCourse,8,8/15/2017 7:15:30 AM,5431.75804097033
OnCourse,9,8/15/2017 7:15:30 AM,6223.78573013817
OnCourse,10,8/15/2017 7:15:30 AM,4664.33484848638
OnCourse,11,8/15/2017 7:15:30 AM,4456.78829555314
---
OnCourse,1,8/15/2017 7:16:00 AM,7459.45949042519
OnCourse,2,8/15/2017 7:16:00 AM,7243.74354101561
OnCourse,3,8/15/2017 7:16:00 AM,6098.73211116052
OnCourse,4,8/15/2017 7:16:00 AM,7209.95909844503
OnCourse,5,8/15/2017 7:16:00 AM,6310.07774825845
OnCourse,7,8/15/2017 7:16:00 AM,5823.42023816156
OnCourse,8,8/15/2017 7:16:00 AM,5701.82213804232
OnCourse,9,8/15/2017 7:16:00 AM,6517.44849102866
OnCourse,10,8/15/2017 7:16:00 AM,4929.3616580681
OnCourse,11,8/15/2017 7:16:00 AM,4749.82629639949
---
OnCourse,1,8/15/2017 7:16:30 AM,7733.08164591789
OnCourse,2,8/15/2017 7:16:30 AM,7508.08523239076
OnCourse,3,8/15/2017 7:16:30 AM,6354.198394957
OnCourse,4,8/15/2017 7:16:30 AM,7473.30419693367
OnCourse,5,8/15/2017 7:16:30 AM,6563.36473223639
OnCourse,7,8/15/2017 7:16:30 AM,6069.31552698977
OnCourse,8,8/15/2017 7:16:30 AM,6001.04056926865
OnCourse,9,8/15/2017 7:16:30 AM,6828.0824665194
OnCourse,10,8/15/2017 7:16:30 AM,5171.85049972116
OnCourse,11,8/15/2017 7:16:30 AM,5039.57178964737
---
OnCourse,1,8/15/2017 7:17:00 AM,8014.59463509762
OnCourse,2,8/15/2017 7:17:00 AM,7753.43303646594
OnCourse,3,8/15/2017 7:17:00 AM,6580.56783887518
OnCourse,4,8/15/2017 7:17:00 AM,7749.33336948132
OnCourse,5,8/15/2017 7:17:00 AM,6841.36870048321
OnCourse,7,8/15/2017 7:17:00 AM,6311.41398085327
OnCourse,8,8/15/2017 7:17:00 AM,6254.06094205045
OnCourse,9,8/15/2017 7:17:00 AM,7188.88807448027
OnCourse,10,8/15/2017 7:17:00 AM,5459.30145591133
OnCourse,11,8/15/2017 7:17:00 AM,5282.57304278965
---
OnCourse,1,8/15/2017 7:17:30 AM,8262.02951993712
OnCourse,2,8/15/2017 7:17:30 AM,8029.24155881575
OnCourse,3,8/15/2017 7:17:30 AM,6778.61067846969
OnCourse,4,8/15/2017 7:17:30 AM,8002.25252770168
OnCourse,5,8/15/2017 7:17:30 AM,7123.20743506697
OnCourse,7,8/15/2017 7:17:30 AM,6584.57939536387
OnCourse,8,8/15/2017 7:17:30 AM,6483.85031473071
OnCourse,9,8/15/2017 7:17:30 AM,7517.46082872991
OnCourse,10,8/15/2017 7:17:30 AM,5704.69523441795
OnCourse,11,8/15/2017 7:17:30 AM,5564.29962336837
---
OnCourse,1,8/15/2017 7:18:00 AM,8526.05486830992
OnCourse,2,8/15/2017 7:18:00 AM,8291.69308829217
OnCourse,3,8/15/2017 7:18:00 AM,7010.83740516189
OnCourse,4,8/15/2017 7:18:00 AM,8246.74541026305
OnCourse,5,8/15/2017 7:18:00 AM,7371.6420871026
OnCourse,7,8/15/2017 7:18:00 AM,6843.34005370485
OnCourse,8,8/15/2017 7:18:00 AM,6757.76749386478
OnCourse,9,8/15/2017 7:18:00 AM,7872.64187748273
OnCourse,10,8/15/2017 7:18:00 AM,5991.8505152634
OnCourse,11,8/15/2017 7:18:00 AM,5783.60758449944
---
OnCourse,1,8/15/2017 7:18:30 AM,8775.10306537026
OnCourse,2,8/15/2017 7:18:30 AM,8574.81878555053
OnCourse,3,8/15/2017 7:18:30 AM,7284.59598087761
OnCourse,4,8/15/2017 7:18:30 AM,8505.99552870294
OnCourse,5,8/15/2017 7:18:30 AM,7641.07995939132
OnCourse,7,8/15/2017 7:18:30 AM,7099.08081575462
OnCourse,8,8/15/2017 7:18:30 AM,7036.43107982631
OnCourse,9,8/15/2017 7:18:30 AM,8209.64112073639
OnCourse,10,8/15/2017 7:18:30 AM,6277.43276845173
OnCourse,11,8/15/2017 7:18:30 AM,6078.72893583766
---
OnCourse,1,8/15/2017 7:19:00 AM,9033.36704927023
OnCourse,2,8/15/2017 7:19:00 AM,8843.48531211261
OnCourse,3,8/15/2017 7:19:00 AM,7487.48601635126
OnCourse,4,8/15/2017 7:19:00 AM,8768.9077947241
OnCourse,5,8/15/2017 7:19:00 AM,7914.335624975
OnCourse,7,8/15/2017 7:19:00 AM,7386.57564889751
OnCourse,8,8/15/2017 7:19:00 AM,7294.65132298209
OnCourse,9,8/15/2017 7:19:00 AM,8537.44281491847
OnCourse,10,8/15/2017 7:19:00 AM,6537.64828311229
OnCourse,11,8/15/2017 7:19:00 AM,6352.79337477235
---
OnCourse,1,8/15/2017 7:19:30 AM,9321.27830175831
OnCourse,2,8/15/2017 7:19:30 AM,9099.93737489269
OnCourse,3,8/15/2017 7:19:30 AM,7700.55829332565
OnCourse,4,8/15/2017 7:19:30 AM,9044.5791974515
OnCourse,5,8/15/2017 7:19:30 AM,8169.35457322615
OnCourse,7,8/15/2017 7:19:30 AM,7647.03810860081
OnCourse,8,8/15/2017 7:19:30 AM,7577.26030444027
OnCourse,9,8/15/2017 7:19:30 AM,8849.74158593609
OnCourse,10,8/15/2017 7:19:30 AM,6789.32971735049
OnCourse,11,8/15/2017 7:19:30 AM,6608.54089458405
---
OnCourse,1,8/15/2017 7:20:00 AM,9583.32881605478
OnCourse,2,8/15/2017 7:20:00 AM,9363.83174544837
OnCourse,3,8/15/2017 7:20:00 AM,7897.0030755826
OnCourse,4,8/15/2017 7:20:00 AM,9376.03304870078
OnCourse,5,8/15/2017 7:20:00 AM,8415.97855273694
OnCourse,7,8/15/2017 7:20:00 AM,7901.02849618195
OnCourse,8,8/15/2017 7:20:00 AM,7879.25887342416
OnCourse,9,8/15/2017 7:20:00 AM,9202.14777680206
OnCourse,10,8/15/2017 7:20:00 AM,7056.73312417195
OnCourse,11,8/15/2017 7:20:00 AM,6877.99773965203
---
OnCourse,1,8/15/2017 7:20:30 AM,9825.79288758461
OnCourse,2,8/15/2017 7:20:30 AM,9628.23181961939
OnCourse,3,8/15/2017 7:20:30 AM,8150.17717487211
OnCourse,4,8/15/2017 7:20:30 AM,9644.1195543758
OnCourse,5,8/15/2017 7:20:30 AM,8672.74940912633
OnCourse,7,8/15/2017 7:20:30 AM,8186.06851799267
OnCourse,8,8/15/2017 7:20:30 AM,8128.85159690336
OnCourse,9,8/15/2017 7:20:30 AM,9505.02497230533
OnCourse,10,8/15/2017 7:20:30 AM,7316.10559986896
OnCourse,11,8/15/2017 7:20:30 AM,7113.6986774375
---
OnCourse,1,8/15/2017 7:21:00 AM,10112.3540743477
OnCourse,2,8/15/2017 7:21:00 AM,9872.54729639837
OnCourse,3,8/15/2017 7:21:00 AM,8393.00207722142
OnCourse,4,8/15/2017 7:21:00 AM,9920.225577132
OnCourse,5,8/15/2017 7:21:00 AM,8916.94388720378
OnCourse,7,8/15/2017 7:21:00 AM,8468.34585227294
OnCourse,8,8/15/2017 7:21:00 AM,8409.61041444569
OnCourse,9,8/15/2017 7:21:00 AM,9829.48170204657
OnCourse,10,8/15/2017 7:21:00 AM,7601.09341083775
OnCourse,11,8/15/2017 7:21:00 AM,7348.91040260833
---
OnCourse,1,8/15/2017 7:21:30 AM,10383.7009956684
OnCourse,2,8/15/2017 7:21:30 AM,10129.5712587007
OnCourse,3,8/15/2017 7:21:30 AM,8628.65273308325
OnCourse,4,8/15/2017 7:21:30 AM,10211.502463697
OnCourse,5,8/15/2017 7:21:30 AM,9176.62559857643
OnCourse,7,8/15/2017 7:21:30 AM,8752.39666561723
OnCourse,8,8/15/2017 7:21:30 AM,8678.07838531289
OnCourse,9,8/15/2017 7:21:30 AM,10131.3704902149
OnCourse,10,8/15/2017 7:21:30 AM,7848.02706433754
OnCourse,11,8/15/2017 7:21:30 AM,7604.70185861339
---
OnCourse,1,8/15/2017 7:22:00 AM,10628.8269943193
OnCourse,2,8/15/2017 7:22:00 AM,10397.9154697013
OnCourse,3,8/15/2017 7:22:00 AM,8917.15644501643
OnCourse,4,8/15/2017 7:22:00 AM,10534.8969479501
OnCourse,5,8/15/2017 7:22:00 AM,9445.36529651394
OnCourse,7,8/15/2017 7:22:00 AM,9017.30884393428
OnCourse,8,8/15/2017 7:22:00 AM,8961.94851158354
OnCourse,9,8/15/2017 7:22:00 AM,10488.4214686894
OnCourse,10,8/15/2017 7:22:00 AM,8091.19340931185
OnCourse,11,8/15/2017 7:22:00 AM,7858.48101149426
---
OnCourse,1,8/15/2017 7:22:30 AM,10873.123542283
OnCourse,2,8/15/2017 7:22:30 AM,10663.1931800949
OnCourse,3,8/15/2017 7:22:30 AM,9201.05145497923
OnCourse,4,8/15/2017 7:22:30 AM,10778.418778641
OnCourse,5,8/15/2017 7:22:30 AM,9709.1296196567
OnCourse,7,8/15/2017 7:22:30 AM,9276.44488145176
OnCourse,8,8/15/2017 7:22:30 AM,9271.05245034558
OnCourse,9,8/15/2017 7:22:30 AM,10826.9871883149
OnCourse,10,8/15/2017 7:22:30 AM,8374.82735685904
OnCourse,11,8/15/2017 7:22:30 AM,8100.99560195531
---
OnCourse,1,8/15/2017 7:23:00 AM,11143.645171093
OnCourse,2,8/15/2017 7:23:00 AM,10923.7793280927
OnCourse,3,8/15/2017 7:23:00 AM,9487.19235419627
OnCourse,4,8/15/2017 7:23:00 AM,11053.8737671131
OnCourse,5,8/15/2017 7:23:00 AM,9994.96287087001
OnCourse,7,8/15/2017 7:23:00 AM,9551.56619067925
OnCourse,8,8/15/2017 7:23:00 AM,9491.7816428258
OnCourse,9,8/15/2017 7:23:00 AM,11124.3014478583
OnCourse,10,8/15/2017 7:23:00 AM,8659.57059832391
OnCourse,11,8/15/2017 7:23:00 AM,8360.2569880455
---
OnCourse,1,8/15/2017 7:23:30 AM,11403.0816574701
OnCourse,2,8/15/2017 7:23:30 AM,11173.2078477201
OnCourse,3,8/15/2017 7:23:30 AM,9686.84250786772
OnCourse,4,8/15/2017 7:23:30 AM,11389.2475625021
OnCourse,5,8/15/2017 7:23:30 AM,10241.8588911118
OnCourse,7,8/15/2017 7:23:30 AM,9811.18416644175
OnCourse,8,8/15/2017 7:23:30 AM,9716.04898445059
OnCourse,9,8/15/2017 7:23:30 AM,11462.1859114305
OnCourse,10,8/15/2017 7:23:30 AM,8939.2656117645
OnCourse,11,8/15/2017 7:23:30 AM,8632.64288756632
---
DidNotFinish,4,8/15/2017 7:24:00 AM
OnCourse,1,8/15/2017 7:24:00 AM,11652.0543786151
OnCourse,2,8/15/2017 7:24:00 AM,11449.7248208416
OnCourse,3,8/15/2017 7:24:00 AM,9922.79999090742
OnCourse,5,8/15/2017 7:24:00 AM,10508.5875756402
OnCourse,7,8/15/2017 7:24:00 AM,10058.6650310635
OnCourse,8,8/15/2017 7:24:00 AM,9945.44830630482
OnCourse,9,8/15/2017 7:24:00 AM,11779.6411974119
OnCourse,10,8/15/2017 7:24:00 AM,9200.87112434995
OnCourse,11,8/15/2017 7:24:00 AM,8855.05302784576
---
OnCourse,1,8/15/2017 7:24:30 AM,11894.0010524702
OnCourse,2,8/15/2017 7:24:30 AM,11736.1343148048
OnCourse,3,8/15/2017 7:24:30 AM,10198.5089022739
OnCourse,5,8/15/2017 7:24:30 AM,10764.1742202052
OnCourse,7,8/15/2017 7:24:30 AM,10341.2520393327
OnCourse,8,8/15/2017 7:24:30 AM,10239.5589046899
OnCourse,9,8/15/2017 7:24:30 AM,12118.5524733916
OnCourse,10,8/15/2017 7:24:30 AM,9470.985485742
OnCourse,11,8/15/2017 7:24:30 AM,9133.64285130685
---
OnCourse,1,8/15/2017 7:25:00 AM,12180.2467433835
OnCourse,2,8/15/2017 7:25:00 AM,12019.4339035148
OnCourse,3,8/15/2017 7:25:00 AM,10435.1837664278
OnCourse,5,8/15/2017 7:25:00 AM,11033.7911269782
OnCourse,7,8/15/2017 7:25:00 AM,10584.2239835175
OnCourse,8,8/15/2017 7:25:00 AM,10514.9104085483
OnCourse,9,8/15/2017 7:25:00 AM,12408.5691334866
OnCourse,10,8/15/2017 7:25:00 AM,9755.53471407829
OnCourse,11,8/15/2017 7:25:00 AM,9392.12781842254
---
OnCourse,1,8/15/2017 7:25:30 AM,12468.3286506704
OnCourse,2,8/15/2017 7:25:30 AM,12304.6804986185
OnCourse,3,8/15/2017 7:25:30 AM,10636.5972611883
OnCourse,5,8/15/2017 7:25:30 AM,11289.4239436833
OnCourse,7,8/15/2017 7:25:30 AM,10839.4109938505
OnCourse,8,8/15/2017 7:25:30 AM,10817.3230411679
OnCourse,9,8/15/2017 7:25:30 AM,12720.2560051668
OnCourse,10,8/15/2017 7:25:30 AM,10001.9908381639
OnCourse,11,8/15/2017 7:25:30 AM,9693.95842979953
---
OnCourse,1,8/15/2017 7:26:00 AM,12755.7766571483
OnCourse,2,8/15/2017 7:26:00 AM,12567.2638636987
OnCourse,3,8/15/2017 7:26:00 AM,10851.6123204169
OnCourse,5,8/15/2017 7:26:00 AM,11569.1879839695
OnCourse,7,8/15/2017 7:26:00 AM,11096.016245757
OnCourse,8,8/15/2017 7:26:00 AM,11094.2036084772
OnCourse,9,8/15/2017 7:26:00 AM,13013.7083345006
OnCourse,10,8/15/2017 7:26:00 AM,10286.1884057736
OnCourse,11,8/15/2017 7:26:00 AM,9959.76322796319
---
OnCourse,1,8/15/2017 7:26:30 AM,13022.1992878422
OnCourse,2,8/15/2017 7:26:30 AM,12850.7869387611
OnCourse,3,8/15/2017 7:26:30 AM,11065.4508575499
OnCourse,5,8/15/2017 7:26:30 AM,11819.1505324714
OnCourse,7,8/15/2017 7:26:30 AM,11358.3724153456
OnCourse,8,8/15/2017 7:26:30 AM,11387.0321372181
OnCourse,9,8/15/2017 7:26:30 AM,13335.0679731234
OnCourse,10,8/15/2017 7:26:30 AM,10563.1604239084
OnCourse,11,8/15/2017 7:26:30 AM,10266.3753774243
---
OnCourse,1,8/15/2017 7:27:00 AM,13269.3857555257
OnCourse,2,8/15/2017 7:27:00 AM,13119.823953133
OnCourse,3,8/15/2017 7:27:00 AM,11325.6617154232
OnCourse,5,8/15/2017 7:27:00 AM,12101.2047720621
OnCourse,7,8/15/2017 7:27:00 AM,11624.8774598107
OnCourse,8,8/15/2017 7:27:00 AM,11626.716709789
OnCourse,9,8/15/2017 7:27:00 AM,13675.3552391773
OnCourse,10,8/15/2017 7:27:00 AM,10824.6767739424
OnCourse,11,8/15/2017 7:27:00 AM,10532.9145123879
---
OnCourse,1,8/15/2017 7:27:30 AM,13557.4952282852
OnCourse,2,8/15/2017 7:27:30 AM,13395.8190102831
OnCourse,3,8/15/2017 7:27:30 AM,11581.2274826839
OnCourse,5,8/15/2017 7:27:30 AM,12389.6041614355
OnCourse,7,8/15/2017 7:27:30 AM,11914.0738565889
OnCourse,8,8/15/2017 7:27:30 AM,11916.2393781564
OnCourse,9,8/15/2017 7:27:30 AM,14031.6667294334
OnCourse,10,8/15/2017 7:27:30 AM,11101.1310181177
OnCourse,11,8/15/2017 7:27:30 AM,10765.2374050117
---
OnCourse,1,8/15/2017 7:28:00 AM,13818.6135604014
OnCourse,2,8/15/2017 7:28:00 AM,13643.7016609101
OnCourse,3,8/15/2017 7:28:00 AM,11827.7369562909
OnCourse,5,8/15/2017 7:28:00 AM,12671.2525598578
OnCourse,7,8/15/2017 7:28:00 AM,12181.1766771394
OnCourse,8,8/15/2017 7:28:00 AM,12147.6094313066
OnCourse,9,8/15/2017 7:28:00 AM,14328.5079587045
OnCourse,10,8/15/2017 7:28:00 AM,11366.0142274871
OnCourse,11,8/15/2017 7:28:00 AM,10984.5506115594
---
OnCourse,1,8/15/2017 7:28:30 AM,14070.2677253928
OnCourse,2,8/15/2017 7:28:30 AM,13923.2220196951
OnCourse,3,8/15/2017 7:28:30 AM,12066.638607321
OnCourse,5,8/15/2017 7:28:30 AM,12927.2962928676
OnCourse,7,8/15/2017 7:28:30 AM,12463.9707347626
OnCourse,8,8/15/2017 7:28:30 AM,12417.8607157028
OnCourse,9,8/15/2017 7:28:30 AM,14687.4598210733
OnCourse,10,8/15/2017 7:28:30 AM,11616.3002075904
OnCourse,11,8/15/2017 7:28:30 AM,11253.2101309868
---
OnCourse,1,8/15/2017 7:29:00 AM,14320.4085521446
OnCourse,2,8/15/2017 7:29:00 AM,14170.0167865824
OnCourse,3,8/15/2017 7:29:00 AM,12348.4764485512
OnCourse,5,8/15/2017 7:29:00 AM,13216.7127861965
OnCourse,7,8/15/2017 7:29:00 AM,12709.9973976796
OnCourse,8,8/15/2017 7:29:00 AM,12721.8598194478
OnCourse,9,8/15/2017 7:29:00 AM,14984.8970953326
OnCourse,10,8/15/2017 7:29:00 AM,11861.7870210535
OnCourse,11,8/15/2017 7:29:00 AM,11486.8760519061
---
OnCourse,1,8/15/2017 7:29:30 AM,14603.1392175961
OnCourse,2,8/15/2017 7:29:30 AM,14437.7212279029
OnCourse,3,8/15/2017 7:29:30 AM,12626.8110051196
OnCourse,5,8/15/2017 7:29:30 AM,13480.6219705793
OnCourse,7,8/15/2017 7:29:30 AM,12963.8199526774
OnCourse,8,8/15/2017 7:29:30 AM,13007.4849702746
OnCourse,9,8/15/2017 7:29:30 AM,15319.9575224204
OnCourse,10,8/15/2017 7:29:30 AM,12104.5896480191
OnCourse,11,8/15/2017 7:29:30 AM,11762.3156869216
---
OnCourse,1,8/15/2017 7:30:00 AM,14862.5215055231
OnCourse,2,8/15/2017 7:30:00 AM,14692.940497164
OnCourse,3,8/15/2017 7:30:00 AM,12823.8001927624
OnCourse,5,8/15/2017 7:30:00 AM,13748.5134229408
OnCourse,7,8/15/2017 7:30:00 AM,13241.1008394207
OnCourse,8,8/15/2017 7:30:00 AM,13227.9895404657
OnCourse,9,8/15/2017 7:30:00 AM,15624.9172469378
OnCourse,10,8/15/2017 7:30:00 AM,12369.474860397
OnCourse,11,8/15/2017 7:30:00 AM,12040.1289694196
---
OnCourse,1,8/15/2017 7:30:30 AM,15105.6711974899
OnCourse,2,8/15/2017 7:30:30 AM,14966.4072369137
OnCourse,3,8/15/2017 7:30:30 AM,13099.883391816
OnCourse,5,8/15/2017 7:30:30 AM,13994.6417143731
OnCourse,7,8/15/2017 7:30:30 AM,13483.3197872149
OnCourse,8,8/15/2017 7:30:30 AM,13523.0712738156
OnCourse,9,8/15/2017 7:30:30 AM,15930.2458086428
OnCourse,10,8/15/2017 7:30:30 AM,12646.5562271493
OnCourse,11,8/15/2017 7:30:30 AM,12316.7088239955
---
OnCourse,1,8/15/2017 7:31:00 AM,15358.5248731866
OnCourse,2,8/15/2017 7:31:00 AM,15227.790275701
OnCourse,3,8/15/2017 7:31:00 AM,13296.7161672363
OnCourse,5,8/15/2017 7:31:00 AM,14267.6481493041
OnCourse,7,8/15/2017 7:31:00 AM,13759.7974694643
OnCourse,8,8/15/2017 7:31:00 AM,13783.5641879904
OnCourse,9,8/15/2017 7:31:00 AM,16290.6254078159
Finished,9,8/15/2017 7:31:00 AM,8/15/2017 7:31:00 AM
OnCourse,10,8/15/2017 7:31:00 AM,12933.4161951983
OnCourse,11,8/15/2017 7:31:00 AM,12547.3686739749
---
OnCourse,1,8/15/2017 7:31:30 AM,15635.9510537952
OnCourse,2,8/15/2017 7:31:30 AM,15494.8890794881
OnCourse,3,8/15/2017 7:31:30 AM,13563.8139674396
OnCourse,5,8/15/2017 7:31:30 AM,14541.7192642553
OnCourse,7,8/15/2017 7:31:30 AM,14041.1899001219
OnCourse,8,8/15/2017 7:31:30 AM,14092.1971373711
OnCourse,10,8/15/2017 7:31:30 AM,13203.0163488504
OnCourse,11,8/15/2017 7:31:30 AM,12851.3233956592
---
OnCourse,1,8/15/2017 7:32:00 AM,15901.1171696875
OnCourse,2,8/15/2017 7:32:00 AM,15766.8196538784
OnCourse,3,8/15/2017 7:32:00 AM,13792.5229277277
OnCourse,5,8/15/2017 7:32:00 AM,14825.8569497749
OnCourse,7,8/15/2017 7:32:00 AM,14320.4207104393
OnCourse,8,8/15/2017 7:32:00 AM,14368.3013384492
OnCourse,10,8/15/2017 7:32:00 AM,13457.5102594739
OnCourse,11,8/15/2017 7:32:00 AM,13075.4283440715
---
OnCourse,1,8/15/2017 7:32:30 AM,16162.818443401
Finished,1,8/15/2017 7:32:30 AM,8/15/2017 7:32:30 AM
OnCourse,2,8/15/2017 7:32:30 AM,16044.8230278976
OnCourse,3,8/15/2017 7:32:30 AM,14036.6147147801
OnCourse,5,8/15/2017 7:32:30 AM,15070.9544113841
OnCourse,7,8/15/2017 7:32:30 AM,14573.898320352
OnCourse,8,8/15/2017 7:32:30 AM,14635.6050149405
OnCourse,10,8/15/2017 7:32:30 AM,13703.4339075993
OnCourse,11,8/15/2017 7:32:30 AM,13330.2895287951
---
OnCourse,2,8/15/2017 7:33:00 AM,16315.923816076
Finished,2,8/15/2017 7:33:00 AM,8/15/2017 7:33:00 AM
OnCourse,3,8/15/2017 7:33:00 AM,14299.0476207723
OnCourse,5,8/15/2017 7:33:00 AM,15339.3771983959
OnCourse,7,8/15/2017 7:33:00 AM,14843.897707086
OnCourse,8,8/15/2017 7:33:00 AM,14908.1426874327
OnCourse,10,8/15/2017 7:33:00 AM,13968.9909069467
OnCourse,11,8/15/2017 7:33:00 AM,13556.4365628883
---
OnCourse,3,8/15/2017 7:33:30 AM,14499.140836816
OnCourse,5,8/15/2017 7:33:30 AM,15616.5174301652
OnCourse,7,8/15/2017 7:33:30 AM,15089.8770945479
OnCourse,8,8/15/2017 7:33:30 AM,15151.4843711628
OnCourse,10,8/15/2017 7:33:30 AM,14258.0677317451
OnCourse,11,8/15/2017 7:33:30 AM,13776.6770006267
---
OnCourse,3,8/15/2017 7:34:00 AM,14706.9045702998
OnCourse,5,8/15/2017 7:34:00 AM,15878.8174243073
OnCourse,7,8/15/2017 7:34:00 AM,15375.1218003807
OnCourse,8,8/15/2017 7:34:00 AM,15438.6385883182
OnCourse,10,8/15/2017 7:34:00 AM,14504.6195241071
OnCourse,11,8/15/2017 7:34:00 AM,14017.6686949145
---
OnCourse,3,8/15/2017 7:34:30 AM,14934.0177506542
OnCourse,5,8/15/2017 7:34:30 AM,16150.6508527772
Finished,5,8/15/2017 7:34:30 AM,8/15/2017 7:34:30 AM
OnCourse,7,8/15/2017 7:34:30 AM,15635.0353246882
OnCourse,8,8/15/2017 7:34:30 AM,15719.2088044047
OnCourse,10,8/15/2017 7:34:30 AM,14747.3362574811
OnCourse,11,8/15/2017 7:34:30 AM,14299.1911052798
---
OnCourse,3,8/15/2017 7:35:00 AM,15173.9419774075
OnCourse,7,8/15/2017 7:35:00 AM,15896.409799211
OnCourse,8,8/15/2017 7:35:00 AM,15942.4757311656
OnCourse,10,8/15/2017 7:35:00 AM,15012.6858281769
OnCourse,11,8/15/2017 7:35:00 AM,14517.8048363629
---
OnCourse,3,8/15/2017 7:35:30 AM,15431.9944813599
OnCourse,7,8/15/2017 7:35:30 AM,16151.6807718004
Finished,7,8/15/2017 7:35:30 AM,8/15/2017 7:35:30 AM
OnCourse,8,8/15/2017 7:35:30 AM,16196.641920951
Finished,8,8/15/2017 7:35:30 AM,8/15/2017 7:35:30 AM
OnCourse,10,8/15/2017 7:35:30 AM,15270.4119520073
OnCourse,11,8/15/2017 7:35:30 AM,14821.9595946796
---
OnCourse,3,8/15/2017 7:36:00 AM,15630.8976576481
OnCourse,10,8/15/2017 7:36:00 AM,15553.7312328039
OnCourse,11,8/15/2017 7:36:00 AM,15115.8077316255
---
OnCourse,3,8/15/2017 7:36:30 AM,15892.7056622392
OnCourse,10,8/15/2017 7:36:30 AM,15837.0948515737
OnCourse,11,8/15/2017 7:36:30 AM,15350.0976779486
---
OnCourse,3,8/15/2017 7:37:00 AM,16163.1501269214
Finished,3,8/15/2017 7:37:00 AM,8/15/2017 7:37:00 AM
OnCourse,10,8/15/2017 7:37:00 AM,16092.0075936373
Finished,10,8/15/2017 7:37:00 AM,8/15/2017 7:37:00 AM
OnCourse,11,8/15/2017 7:37:00 AM,15576.5315767169
---
OnCourse,11,8/15/2017 7:37:30 AM,15810.0583882698
---
OnCourse,11,8/15/2017 7:38:00 AM,16078.13959094
---
OnCourse,11,8/15/2017 7:38:30 AM,16335.1416827072
Finished,11,8/15/2017 7:38:30 AM,8/15/2017 7:38:30 AM
---
---
---
---
---
---
---
---
---
---
---
---
---
---
---
---
---
---
---
---
